,count,mean,std,min,25%,50%,75%,max
step,250000.0,372.158876,214.44522914124678,1.0,187.0,372.0,557.0,743.0
hour,250000.0,11.505308,6.912535494138445,0.0,6.0,12.0,18.0,23.0
isMerchantDest,250000.0,0.339592,0.47357171644502005,0.0,0.0,0.0,1.0,1.0
amount,250000.0,10684.06422884,34945.911765913675,2.18,1011.6975,2968.59,8798.6225,3755178.88
oldbalanceOrg,250000.0,25008.37509596,71637.85897672249,5.81,2963.5125,8113.46,22382.0625,6109419.03
newbalanceOrig,250000.0,20705.867203879996,70696.90342878386,0.0,0.0,3574.545,16736.7875,6106165.41
oldbalanceDest,250000.0,24677.6089348,111550.67797788687,0.0,1463.1174999999998,4940.014999999999,16669.7975,17649831.4
newbalanceDest,250000.0,35281.35371332001,116803.67406167471,0.0,5090.6875,12352.125,30960.092500000002,17650537.41
errorBalanceOrig,250000.0,-6381.55633676,32829.20800928156,-3754830.88,-1666.6024999999995,0.0,0.0,9.313225746154785e-10
errorBalanceDest,250000.0,80.31945031999999,4193.611326812523,-128371.59,0.0,0.0,0.0,963109.5499999999
amountRatioOrig,250000.0,4.147015962478049,49.326968644079024,2.5058512836082194e-05,0.08358307839461097,0.36845168673562423,1.5999300806758077,13373.547996272135
isFraud,250000.0,0.0018,0.04238829068349829,0.0,0.0,0.0,0.0,1.0
